,,,,,,,,
,ジャンル,おすすめ,店の名前,サイト,ラストオーダー,予算,会社↔︎店,備考
,中華,えびチャーハン,健康中華　青蓮,https://seiren-roppongi.com/,14:30,"1,100円〜",10分,
,和食,そば&うどん,杵屋,https://tabelog.com/tokyo/A1307/A130701/13162183/,,980円〜,10分,
,和食,親子丼,一番どり,https://tabelog.com/tokyo/A1307/A130701/13038683/,,"1,000円〜",10分,
,和食,親子丼,スペイン坂　鳥幸,https://tabelog.com/tokyo/A1307/A130701/13193809/,,"1,500円〜",10分,並ぶので注意！
,和食,サーモンハラス,越後屋 玄白 総本山,https://tabelog.com/tokyo/A1307/A130704/13171734/,,950円〜,15分,
,和食,刺身定食,笑壺,https://tabelog.com/tokyo/A1307/A130701/13164529/,,"1,400円〜",10分,並ぶので注意！
,焼肉,ハラミランチ,みやび,https://tabelog.com/tokyo/A1307/A130702/13095890/,,"1,500円〜",15分,
,和食,からあげ,きみ勢,https://tabelog.com/tokyo/A1307/A130701/13251006/,,1080円〜,15分,
,洋食,生パスタ,トスカーナ,トスカーナ 神谷町店 （Italian//BarR TOSCANA） - ランチメニュー,,"1,100円〜",10分,
,エスニック,カレー食べ放題,もうやんカレー,https://tabelog.com/tokyo/A1307/A130704/13231099/,,"1,280円〜",15分,
,洋食,デミハンバーグ,キッチン・ダダ,https://tabelog.com/tokyo/A1307/A130704/13013855/,,"1,100円〜",15分,
,和食,海鮮丼,つじ半,https://tabelog.com/tokyo/A1307/A130701/13219778/,,"1,200円〜",12分,並ぶので注意！
,中華,ばかでか餃子,天下一,https://tabelog.com/tokyo/A1307/A130704/13020942/,,950円〜,12分,
,和食,ごまだれ蕎麦,金蠍 蕎麦組,https://tabelog.com/tokyo/A1307/A130704/13297659/,,"1,000円～",10分,
,和食,鶏ひつまぶし,鳥とも,https://tabelog.com/tokyo/A1307/A130704/13153549/dtlmenu/lunch/,,"1,000円～",10分,
,和食,定食,籠りや,https://tabelog.com/tokyo/A1307/A130704/13022980/,14:00,"1,200円〜",12分,現金のみ！
,中華,台湾まぜそば,天雷軒 神谷町本店,https://tabelog.com/tokyo/A1307/A130704/13113813/,,500円～,12分,"LUNA SEA真矢プロデュース
←つぶれた(߹߹)"
,和食,とんかつ,とんかつ まるや 神谷町店,https://tabelog.com/tokyo/A1307/A130704/13246761/,,"1,000円～",10分,
,和食,定食,文蔵,https://tabelog.com/tokyo/A1307/A130704/13106233/,,980円〜,12分,
,和食,明太子食べ放題,やまや,https://tabelog.com/tokyo/A1308/A130802/13213826/,,"1,400円〜",15分,
,和食,からあげ定食,名古屋コーチン弌鳥,https://tabelog.com/tokyo/A1307/A130704/13260444/,,950円〜,10分,
,和食,うなぎ、天ぷら,穴子や 神谷町,https://tabelog.com/tokyo/A1307/A130704/13249598/,13:30,"1,500円〜",10分,
,韓国料理,チゲ,チェゴヤ,https://tabelog.com/tokyo/A1307/A130701/13109783/,16:00,"1,000円～",15分,
,洋食,パスタ,グラン・パ,https://tabelog.com/tokyo/A1307/A130701/13178709/,16:00,900円〜,15分,
,洋食,チキン南蛮,地中海 バル libre roppongi,https://tabelog.com/tokyo/A1307/A130701/13180576/,14:15,"1,000円～",10分,
,和食,唐揚げ,おふぃすごはん きぬ川,https://tabelog.com/tokyo/A1307/A130701/13288666/,14:30,"1,100円～",15分,
,和食,とんかつ,恵比寿かつ彩 アークヒルズ店,https://tabelog.com/tokyo/A1307/A130701/13289857/,,"1,500円～",10分,
,洋食,ハンバーグ,BRASSERIE LE VIN,https://tabelog.com/tokyo/A1307/A130701/13283991/,15:00,"1,500円～",10分,
,和食,チキンカツ,番番,https://tabelog.com/tokyo/A1307/A130704/13100784/,14:30,"1,000円～",15分,
,和食,カツ丼,Fuji 六本木店,https://tabelog.com/tokyo/A1307/A130701/13287389/,14:00,"1,200円～",15分,
,和食,親子丼・うどん,なか卯,https://tabelog.com/tokyo/A1307/A130704/13019441/,,500円〜,15分,
,洋食,パスタ,MOM&POP'S SPAGHETTI,https://tabelog.com/tokyo/A1307/A130704/13285519/,,"1,300円〜",15分,
,和食,魚定食,和飲。ほの字,https://tabelog.com/tokyo/A1307/A130701/13015221/,14:00,"1,00円～",15分,
,エスニック,カレー・ナン,アジアティーク 虎ノ門店,https://tabelog.com/tokyo/A1307/A130704/13260935/,,"1,000円～",10分,
,和食,チキン南蛮定食,大衆クラフトビール酒場 BELLY CRAFT,https://tabelog.com/tokyo/A1307/A130704/13238825/,,"1,000円～",10分,
,洋食,ハンバーガー,the 3rd Burger,https://tabelog.com/tokyo/A1307/A130701/13164217/,,"1,000円～",10分,
,和食,天ぷら,天ぷらめし 金子半之助,https://tabelog.com/tokyo/A1307/A130701/13219775/,,"1,500円〜",10分,
,エスニック,ガパオライス,ソイ六本木,https://tabelog.com/tokyo/A1307/A130701/13162289/,,"1,000円～",15分,カウンター席
,和食,カニクリームコロッケ,食工房なかえ,https://tabelog.com/tokyo/A1307/A130704/13088266/,14:30,"1,000円～",15分,※13:30～は喫煙可になってしまいます
,洋食,ラムバーグステーキ,The SHEEP FORCE,https://tabelog.com/tokyo/A1307/A130701/13282211/,14:30,"1,300円〜",15分,
,中華,中華系,麻布十川,https://tabelog.com/tokyo/A1307/A130701/13303963/dtlmenu/lunch/,14:30,"1,400円〜",15分,
,和食,季節限定蕎麦,そばあんどこ～,https://tabelog.com/tokyo/A1307/A130704/13234654,,,15分,
,中華,かまたまラーメン,なぽれおん,https://tabelog.com/tokyo/A1317/A131702/13269245/,,,15分,ニンニク入れたいなら夜
,中華,熊本ラーメン,くまめん,https://tabelog.com/tokyo/A1307/A130701/13274772/,,,15分,ランチはおにぎり50円で追加らしい
,中華,中華そば　ちゃーしゅーめん,中華そば田中,https://tabelog.com/tokyo/A1307/A130701/13219769/,,,15分,
,和食,刺身定食,築地魚よし,https://tabelog.com/tokyo/A1307/A130704/13147365/dtlrvwlst/COND-1/smp1/?smp=1&lc=0&rvw_part=all,,,15分,
,洋食,ラミーズ特製ハンバーグ(180g) 赤ワインソース　,ラミーズ六本木,https://tabelog.com/tokyo/A1307/A130701/13032537/dtlrvwlst/COND-1/smp1/?smp=1&lc=0&rvw_part=all,,1300円,15分,
,洋食,パンケーキ、バスクチーズケーキ,Balcony by 6th,https://tabelog.com/tokyo/A1307/A130701/13290916/,,"4,000円",15分,ランチ制度利用がおすすめ
,洋食,前妻のブッフェ,ボガマリ・クチーナ・メディテラーネア,https://s.tabelog.com/tokyo/A1307/A130701/13290818/,14:30,"3,000円",15分,ランチ制度利用がおすすめ